fileName,severity,lineNumber,issueFoundDetails
/home/michael/claude/rpg-public/apps/server/src/dev-server.ts,low,3,Hardcoded default port value '3000' should be a constant or config variable for better maintainability
/home/michael/claude/rpg-public/apps/server/src/dev-server.ts,low,4,Hardcoded default host value '0.0.0.0' should be a constant or config variable for better maintainability
/home/michael/claude/rpg-public/apps/server/src/dev-server.ts,medium,10,"No explicit error handling for the app.listen() promise rejection, could mask issues with server startup"
/home/michael/claude/rpg-public/apps/server/src/dev-server.ts,medium,13,Generic 'err' variable name in catch block makes debugging harder than using a more specific error type
/home/michael/claude/rpg-public/apps/server/src/dev-server.ts,high,18,"Using 'void main()' instead of 'main()' means the return value of main() is ignored, which could hide potential async errors"
/home/michael/claude/rpg-public/apps/server/src/ai/lm-studio-client.ts,medium,2,Hardcoded default port '1234' should be configurable via environment variable like other settings
/home/michael/claude/rpg-public/apps/server/src/ai/lm-studio-client.ts,medium,10,"Function name 'queryLmStudio' doesn't clearly indicate it returns a Promise, which could be confusing for callers"
/home/michael/claude/rpg-public/apps/server/src/ai/lm-studio-client.ts,low,35,Type assertion 'as { choices?: Array<{ message?: { content?: string } }> }' could be made safer with a validation function
/home/michael/claude/rpg-public/apps/server/src/ai/lm-studio-client.ts,low,37,Redundant null check with '?? null' after already checking for undefined in the chain
/home/michael/claude/rpg-public/apps/server/src/ai/ai-service-composite.ts,medium,14,"Catches all exceptions from queryLmStudio but doesn't log or handle them specifically, potentially hiding underlying issues that could be useful for debugging AI service problems"
/home/michael/claude/rpg-public/apps/server/src/ai/ai-service-composite.ts,medium,9,"The tryLmStudio method has a generic catch block that swallows all errors without logging, making it difficult to diagnose why AI service calls fail"
/home/michael/claude/rpg-public/apps/server/src/ai/ai-service-composite.ts,medium,13,"The check 'if (result.text)' assumes the result object will always have a text property, but this could fail if the API response structure changes or is malformed"
/home/michael/claude/rpg-public/apps/server/src/ai/ai-service-composite.ts,medium,21,"The generateDialogue method uses the same fallback pattern as other methods, but there's no explicit handling for what happens if the fallback also fails"
/home/michael/claude/rpg-public/apps/server/src/ai/ai-service-composite.ts,medium,27,"The generateRumor method has the same potential issue with fallback handling as generateDialogue, where errors in the fallback mechanism aren't explicitly checked or logged"
/home/michael/claude/rpg-public/apps/server/src/ai/fallback-ai.ts,medium,17,The condition Math.random() < 0.4 is hardcoded and should be a configurable value or derived from context.totalRuns for more dynamic behavior
/home/michael/claude/rpg-public/apps/server/src/ai/fallback-ai.ts,medium,23,"The return value from pool[Math.floor(Math.random() * pool.length)]! assumes pool is never empty, but there's no validation if pool ends up empty after filtering"
/home/michael/claude/rpg-public/apps/server/src/ai/fallback-ai.ts,low,20,The variable factionId is declared but only used with void factionId; which is a confusing pattern that should be removed
/home/michael/claude/rpg-public/apps/server/src/ai/fallback-ai.ts,low,21,The void factionId; line is a code smell that indicates dead code or unclear intent
/home/michael/claude/rpg-public/apps/server/src/ai/fallback-ai.ts,low,15,"The loop for (const [factionId, factionPool] of Object.entries(FACTION_RUMORS)) has a confusing naming convention since factionId is not used in the loop body"
/home/michael/claude/rpg-public/apps/server/src/routes/debug.ts,medium,23,"Missing error handling for repo.loadGame() failure, which could silently fail and lead to unexpected behavior when loading a game state"
/home/michael/claude/rpg-public/apps/server/src/routes/debug.ts,medium,43,"Potential performance issue with repeated calls to grantAbility() in a loop without checking if abilities already exist, leading to redundant operations"
/home/michael/claude/rpg-public/apps/server/src/routes/debug.ts,medium,49,Inefficient filtering of unlockedBlueprints using Set lookup; the existing Set should be created once outside the filter operation for better performance
/home/michael/claude/rpg-public/apps/server/src/routes/debug.ts,medium,52,"Redundant spread operator usage when updating unlockedBlueprints; the existing array is already spread in the object spread, making the explicit spread unnecessary"
/home/michael/claude/rpg-public/apps/server/src/routes/debug.ts,high,73,"Missing error handling for repo.saveGame() failure, which could silently fail and prevent saving the modified game state"
/home/michael/claude/rpg-public/apps/server/src/sqlite-repository.ts,high,75,"Generic Error thrown instead of specific concurrency error type in saveGame, potentially masking true error type for proper HTTP response handling"
/home/michael/claude/rpg-public/apps/server/src/sqlite-repository.ts,high,134,"Generic Error thrown in commitTick instead of specific concurrency error type, inconsistent with loadGame error handling pattern"
/home/michael/claude/rpg-public/apps/server/src/sqlite-repository.ts,medium,159,"Duplicated event insertion logic between appendEvents and commitTick methods, creating maintenance burden and potential inconsistency"
/home/michael/claude/rpg-public/apps/server/src/sqlite-repository.ts,medium,108,Inefficient rows.reverse().map() pattern in getRecentEvents creates unnecessary array copy; could use a simple reverse loop or change query to ORDER BY ASC
/home/michael/claude/rpg-public/apps/server/src/sqlite-repository.ts,medium,133,"Missing validation for gameId parameter in commitTick, could lead to unexpected behavior if gameId is null/undefined"
/home/michael/claude/rpg-public/apps/server/src/game-command/process-command.ts,medium,93,"The code uses a potentially unsafe nullish coalescing operator (??) to get metrics, which could mask missing data if lastRunMetrics is explicitly set to null instead of undefined."
/home/michael/claude/rpg-public/apps/server/src/game-command/process-command.ts,medium,115,"The code accesses metrics in two places (line 115 and 93) but doesn't ensure the metrics exist before using them, creating potential runtime errors if the state is malformed."
/home/michael/claude/rpg-public/apps/server/src/game-command/process-command.ts,medium,150,"The function getArchivedEvents calculates historyLength but doesn't validate that state.world.eventHistory is actually an array, which could cause a runtime error if it's null or undefined."
/home/michael/claude/rpg-public/apps/server/src/game-command/process-command.ts,low,168,"The view object is spread and then immediately modified with combatLog and animatedEvents, which is less performant than creating the view with the properties already included."
/home/michael/claude/rpg-public/apps/server/src/game-command/town-text.ts,medium,109,"The condition checks for 'led' status or strong/dominant bands, but doesn't consider if the faction is broken, which could lead to inconsistent rumor generation"
/home/michael/claude/rpg-public/apps/server/src/game-command/town-text.ts,medium,113,"The broken faction rumor logic only checks for status === 'broken' but doesn't consider if the faction has a leader, which might miss important context for the rumor"
/home/michael/claude/rpg-public/apps/server/src/game-command/town-text.ts,medium,175,"The getFactionPriority function modifies a copy of factions but doesn't handle the case where the filtered factions array is empty, potentially causing issues with undefined access"
/home/michael/claude/rpg-public/apps/server/src/game-command/town-text.ts,medium,224,"The pickDeterministic function uses Math.abs(seed) which can lead to unexpected results when seed is negative, potentially causing non-deterministic behavior"
/home/michael/claude/rpg-public/apps/server/src/game-command/town-text.ts,low,228,The pushUnique function checks for null values but doesn't handle potential duplicates in the target array beyond the first occurrence, which could be inefficient for large arrays"
/home/michael/claude/rpg-public/apps/server/src/in-memory-repository.ts,medium,33,"Version increment logic is vulnerable to race conditions in concurrent save operations, potentially leading to version conflicts or lost updates"
/home/michael/claude/rpg-public/apps/server/src/in-memory-repository.ts,medium,68,"The commitTick method does not validate that nextState.version matches the expected incremented version, allowing potential version inconsistencies"
/home/michael/claude/rpg-public/apps/server/src/in-memory-repository.ts,high,23,"The OCC check in saveGame uses the state.version directly instead of the stored version, which can cause false positives in concurrency detection"
/home/michael/claude/rpg-public/apps/server/src/in-memory-repository.ts,high,59,"The OCC check in commitTick uses prevVersion instead of the current stored version, which can cause false positives in concurrency detection"
/home/michael/claude/rpg-public/apps/server/src/in-memory-repository.ts,low,13,"The version tracking uses state.version for initial setup, but should use state.version directly since it's already the initial version"
/home/michael/claude/rpg-public/apps/server/src/app.ts,high,50,Function getCanonicalSerializedState performs unnecessary double serialization/deserialization which is inefficient and potentially problematic for state consistency
/home/michael/claude/rpg-public/apps/server/src/app.ts,medium,114,"Duplicated error handling logic across multiple routes (lines 114-128, 134-150, 176-192, 217-238, 318-342) violates DRY principle and makes maintenance harder"
/home/michael/claude/rpg-public/apps/server/src/app.ts,medium,292,Potential race condition in restore endpoint where check for existing state and creation of new state happen in separate operations without atomicity guarantees
/home/michael/claude/rpg-public/apps/server/src/app.ts,low,244,The getRestoreSerializedState function uses a loose type assertion (body as { serializedState?: string }) that could mask type errors
/home/michael/claude/rpg-public/apps/server/src/app.ts,low,350,The type assertion (repo as RepoWithMetrics) in metrics endpoint is a code smell indicating weak typing and potential runtime errors
/home/michael/claude/rpg-public/apps/web/src/App.tsx,medium,21,"Function 'renderPanel' has complex conditional logic that's hard to follow and maintain, with multiple nested if statements and direct DOM manipulation instead of a more declarative approach"
/home/michael/claude/rpg-public/apps/web/src/App.tsx,medium,104,"The 'handleNavClick' function modifies state directly by creating new Set instances, which could be simplified with a more functional approach using a reducer pattern for better readability"
/home/michael/claude/rpg-public/apps/web/src/App.tsx,medium,143,The conditional rendering logic for the start screen could be simplified by extracting the loading state check into a separate variable for better readability
/home/michael/claude/rpg-public/apps/web/src/App.tsx,medium,175,"The quest assignment logic has complex nested conditionals that could be refactored into a more readable format, especially around the filtering and matching of quest logs and active quests"
/home/michael/claude/rpg-public/apps/web/src/App.tsx,medium,210,The 'showProgressNotice' variable assignment and subsequent conditional rendering has duplicated logic for checking notice kind and id existence that could be simplified
/home/michael/claude/rpg-public/apps/web/src/sprites/sprite-registry.ts,medium,32,Hardcoded image path '/sprites/dawnlike.png' makes the loader inflexible and breaks if the asset location changes
/home/michael/claude/rpg-public/apps/web/src/sprites/sprite-registry.ts,medium,51,"SPRITE_MAP lookup could return undefined, but the code assumes it's always present - should validate rect exists before using"
/home/michael/claude/rpg-public/apps/web/src/sprites/sprite-registry.ts,medium,59,"DAWNLIKE_ATLAS lookup could return undefined, but the code assumes it's always present - should validate rect exists before using"
/home/michael/claude/rpg-public/apps/web/src/sprites/sprite-registry.ts,low,18,Promise constructor anti-pattern - can be simplified by using async/await directly
/home/michael/claude/rpg-public/apps/web/src/sprites/sprite-registry.ts,low,40,onReady method has potential race condition where callbacks could be called twice if ready state changes between check and push
/home/michael/claude/rpg-public/apps/web/src/store/game-store.ts,medium,133,"Unsafe type assertion on line 133. The code uses a partial type assertion to access optional fields, but this can mask actual type errors and lead to runtime issues when fields are actually missing."
/home/michael/claude/rpg-public/apps/web/src/store/game-store.ts,medium,141,"Inconsistent handling of death transition logic. The death transition is only triggered when dungeonToEndPhase is true AND hasDeathSignal is true, but the actual death check happens after the view is updated, potentially causing UI inconsistencies."
/home/michael/claude/rpg-public/apps/web/src/store/game-store.ts,medium,151,"Potential race condition in death transition timeout handling. The timeout is cleared and set within the same conditional block, but the timeout may not be properly cleaned up in all code paths, leading to potential memory leaks or unexpected behavior."
/home/michael/claude/rpg-public/apps/web/src/store/game-store.ts,medium,223,"Mixed responsibility in startAutoWalk function. It handles both path setting and enemy ID collection, which should be separated for better testability and maintainability."
/home/michael/claude/rpg-public/apps/web/src/store/game-store.ts,medium,116,Error message in sendCommand is hardcoded. The error message 'Game session expired. Please start a new game.' is not dynamic and could be improved for better user experience.
/home/michael/claude/rpg-public/apps/web/src/store/session-persistence.ts,medium,21,"Unsafe cast using 'as Partial<PersistedSession>' on line 21. This bypasses type checking and could lead to runtime errors if the parsed data doesn't match the expected structure, since the cast doesn't validate the actual shape of the parsed object."
/home/michael/claude/rpg-public/apps/web/src/store/session-persistence.ts,medium,22,"The validation on line 22 only checks for the existence of 'gameId' and 'serializedState' as strings, but doesn't ensure these fields contain meaningful values (e.g., non-empty strings), which could cause issues downstream."
/home/michael/claude/rpg-public/apps/web/src/store/session-persistence.ts,low,11,"The error handling in saveSession (lines 12-14) uses a bare 'catch' block that silently ignores all errors. While this prevents crashes, it makes debugging difficult and could hide storage issues that should be reported."
/home/michael/claude/rpg-public/apps/web/src/store/session-persistence.ts,low,26,"The loadSession function (lines 26-28) also uses a bare 'catch' block that silently ignores all parsing/JSON errors, which could mask data corruption or invalid session data."
/home/michael/claude/rpg-public/apps/web/src/store/session-persistence.ts,medium,8,"The saveSession function (line 8) does not validate the input parameters 'gameId' and 'serializedState' before storing them, potentially leading to invalid data being persisted if these parameters are not properly validated elsewhere."
/home/michael/claude/rpg-public/apps/web/src/styles.ts,medium,66,Hardcoded color value '#e07030' in logEntryColor function instead of using color token or constant
/home/michael/claude/rpg-public/apps/web/src/styles.ts,medium,36,Hardcoded color value '#e07030' in hpBarColor function instead of using color token or constant
/home/michael/claude/rpg-public/apps/web/src/styles.ts,medium,127,Hardcoded BTN_MIN_HEIGHT reference in npcBtnBase style instead of using constant from ui-config
/home/michael/claude/rpg-public/apps/web/src/styles.ts,medium,141,Hardcoded NAV_BTN_MIN_HEIGHT reference in navBtnStyle instead of using constant from ui-config
/home/michael/claude/rpg-public/apps/web/src/styles.ts,low,90,Hardcoded background color '#1a3a0a' in btnPrimaryStyle instead of using color token
/home/michael/claude/rpg-public/apps/web/src/utils/direction.ts,medium,12,"DIR_MAP uses string keys for numeric coordinate differences, which could cause issues with non-integer coordinates or unexpected key collisions due to floating-point precision"
/home/michael/claude/rpg-public/apps/web/src/utils/direction.ts,medium,26,"The function returns null for undefined directions but doesn't handle cases where dx or dy might be NaN or infinity, which could lead to unexpected behavior or infinite loops in the map lookup"
/home/michael/claude/rpg-public/apps/web/src/utils/direction.ts,low,23,"The function signature uses Position interface with readonly properties, but the implementation doesn't enforce that the input values are actually read-only, potentially leading to unexpected mutations"
/home/michael/claude/rpg-public/apps/web/src/utils/direction.ts,low,12,"DIR_MAP is a const object that's used as a lookup table, but it's not exported, making it hard to test or extend the direction mapping in other parts of the codebase"
/home/michael/claude/rpg-public/apps/web/src/utils/screen-to-grid.ts,medium,9,"Integer division with Math.floor can produce incorrect grid coordinates when offsetX is negative, as floor() rounds towards negative infinity rather than towards zero"
/home/michael/claude/rpg-public/apps/web/src/utils/screen-to-grid.ts,medium,10,"Integer division with Math.floor can produce incorrect grid coordinates when offsetY is negative, as floor() rounds towards negative infinity rather than towards zero"
/home/michael/claude/rpg-public/apps/web/src/utils/pathfinding.ts,medium,61,"Uses shift! without null check, which could cause runtime error if queue is empty"
/home/michael/claude/rpg-public/apps/web/src/utils/pathfinding.ts,medium,70,"Uses ! cast on Number() result, which could be NaN if split fails"
/home/michael/claude/rpg-public/apps/web/src/utils/pathfinding.ts,medium,71,"Uses ! cast on parent.get() result, which could be undefined"
/home/michael/claude/rpg-public/apps/web/src/utils/pathfinding.ts,medium,81,"Uses ! cast on walkable.has() result, which could be false when it should be true"
/home/michael/claude/rpg-public/apps/web/src/utils/pathfinding.ts,medium,83,"Uses ! cast on blocked.has() result, which could be true when it should be false"
/home/michael/claude/rpg-public/apps/web/src/utils/threat-detection.ts,medium,8,"The filter condition uses a loose equality check (!knownEnemyIds.has(e.id)) which could be less efficient than using a Set for lookups. While the code is functionally correct, it could be optimized to use a more direct Set-based approach with better performance characteristics for large datasets. However, since the code is using a Set already for knownEnemyIds, this is likely acceptable but worth noting as a potential optimization opportunity."
/home/michael/claude/rpg-public/apps/web/src/hooks/useDelayedVisibility.ts,medium,15,"Ref is typed as ReturnType<typeof setTimeout> | undefined, but clearTimeout expects a number. This could cause issues with type safety and potential runtime errors if the timer isn't properly cleared."
/home/michael/claude/rpg-public/apps/web/src/hooks/useDelayedVisibility.ts,medium,20,"The hook doesn't handle the case where delayMs is 0 or negative, which could cause unexpected behavior with setTimeout."
/home/michael/claude/rpg-public/apps/web/src/hooks/useDelayedVisibility.ts,medium,37,"The cleanup function in useEffect doesn't properly handle the case where trigger becomes false while the timer is still running, potentially leading to race conditions or unexpected state changes."
/home/michael/claude/rpg-public/apps/web/src/hooks/useDelayedVisibility.ts,low,13,"The function signature uses trigger: boolean, delayMs: number which could be made more flexible by accepting a configuration object for better extensibility."
/home/michael/claude/rpg-public/apps/web/src/hooks/useDelayedVisibility.ts,low,39,"The return type is a simple object with only isVisible, but it could be extended to include the timer state or other useful information for debugging."
/home/michael/claude/rpg-public/apps/web/src/hooks/useAutoWalk.ts,high,22,"The hook uses 'useGameStore.getState()' inside an async function, which can lead to stale state if the store is updated between the time the function starts and when it accesses the store, causing unpredictable behavior"
/home/michael/claude/rpg-public/apps/web/src/hooks/useAutoWalk.ts,high,36,"The hook sends movement commands without checking if the command actually succeeded, potentially leading to the player moving in unintended directions or getting stuck"
/home/michael/claude/rpg-public/apps/web/src/hooks/useAutoWalk.ts,medium,40,"The threat detection logic checks for new threats but doesn't update the autoWalkKnownEnemyIds to reflect the newly detected threats, which could cause repeated threat detection on the same enemies"
/home/michael/claude/rpg-public/apps/web/src/hooks/useAutoWalk.ts,medium,51,"The health check compares undefined values, which will always be false and potentially mask actual health changes if the health property is not properly initialized"
/home/michael/claude/rpg-public/apps/web/src/hooks/useAutoWalk.ts,medium,64,"The 'cancelAutoWalk' is called at the end of the walk function, but if the walk was cancelled externally, this might cause inconsistent state between the store and the hook"
/home/michael/claude/rpg-public/apps/web/src/hooks/useBumpAnimations.ts,medium,20,"The comparison logic uses a linear search through previous animations, which has O(n) complexity and could be inefficient for large animation arrays"
/home/michael/claude/rpg-public/apps/web/src/hooks/useBumpAnimations.ts,medium,12,"Uses a ref to store previous animations, but doesn't handle the case where animations array might be mutated in place rather than replaced with a new array instance"
/home/michael/claude/rpg-public/apps/web/src/hooks/useBumpAnimations.ts,low,36,"The dependency array only includes 'animations', but if the animation objects themselves contain mutable references, this might miss important changes"
/home/michael/claude/rpg-public/apps/web/src/hooks/useBumpAnimations.ts,high,19,"The loop processes all animations every time, even if only one new animation was added, leading to unnecessary work and potential performance issues"
/home/michael/claude/rpg-public/apps/web/src/hooks/useBumpAnimations.ts,medium,35,"The code assumes animations array is immutable, but if it's mutated in place, previousRef.current will contain the same reference but updated content, causing incorrect deduplication"
/home/michael/claude/rpg-public/apps/web/src/animation-runtime/useAnimationOrchestrator.ts,medium,42,Unsafe type assertion on line 42 when casting animEvent.data to BumpAnimationEntry - could cause runtime errors if the data doesn't match the expected structure
/home/michael/claude/rpg-public/apps/web/src/animation-runtime/useAnimationOrchestrator.ts,medium,44,Unsafe type assertion on line 44 when casting animEvent.data to MoveAnimationEntry - could cause runtime errors if the data doesn't match the expected structure
/home/michael/claude/rpg-public/apps/web/src/animation-runtime/useAnimationOrchestrator.ts,medium,46,Unsafe type assertion on line 46 when casting animEvent.data to ConsumableAnimationEntry - could cause runtime errors if the data doesn't match the expected structure
/home/michael/claude/rpg-public/apps/web/src/animation-runtime/useAnimationOrchestrator.ts,medium,53,Unsafe type assertion on line 53 when casting animEvent.data to CombatIndicatorEntry - could cause runtime errors if the data doesn't match the expected structure
/home/michael/claude/rpg-public/apps/web/src/animation-runtime/useAnimationOrchestrator.ts,medium,54,Unsafe type assertion on line 54 when casting animEvent.data to CombatIndicatorEntry - could cause runtime errors if the data doesn't match the expected structure
/home/michael/claude/rpg-public/apps/web/src/hooks/useMoveAnimationState.ts,medium,35,"Animation ID generation uses a ref that could cause collisions in rapid-fire scenarios, especially with multiple concurrent animations or if the hook is re-rendered"
/home/michael/claude/rpg-public/apps/web/src/hooks/useMoveAnimationState.ts,medium,49,"Timer cleanup in handleMoveAnimation doesn't remove timer from timersRef, which could cause memory leaks or stale timers if animations are cancelled early"
/home/michael/claude/rpg-public/apps/web/src/hooks/useMoveAnimationState.ts,medium,57,"Event listener cleanup removes all timers but doesn't clear timersRef.current, which could cause issues if the component remounts or if multiple instances exist"
/home/michael/claude/rpg-public/apps/web/src/hooks/useMoveAnimationState.ts,medium,68,"Progress calculation uses Math.min(elapsed / anim.durationMs, 1) which could cause issues if durationMs is 0 or negative, potentially leading to NaN or incorrect animation states"
/home/michael/claude/rpg-public/apps/web/src/hooks/useMoveAnimationState.ts,low,22,"Hook returns a complex object with animations array, but doesn't provide a way to clear animations or reset the state, making it harder to manage in larger applications"
/home/michael/claude/rpg-public/apps/web/src/hooks/useKeyboard.ts,medium,34,"Missing type safety in game store selector, could cause runtime errors if store structure changes"
/home/michael/claude/rpg-public/apps/web/src/hooks/useKeyboard.ts,medium,51,"KEY_MAP uses 'unknown' type for values, losing type safety for command objects"
/home/michael/claude/rpg-public/apps/web/src/hooks/useKeyboard.ts,medium,64,Inconsistent typing in action filtering - using 'any' instead of proper type definitions
/home/michael/claude/rpg-public/apps/web/src/hooks/useKeyboard.ts,medium,114,"Magic number 10 used in parseInt without explicit base, could cause unexpected behavior"
/home/michael/claude/rpg-public/apps/web/src/hooks/useKeyboard.ts,high,100,Type assertion on targetId may cause runtime error if type is not as expected
/home/michael/claude/rpg-public/apps/web/src/hooks/useInventoryFilter.ts,high,23,Unreachable code after return statement on line 22 creates logical error where 'consumables' filter always returns true instead of filtering items by itemClass === 'consumable'
/home/michael/claude/rpg-public/apps/web/src/hooks/useInventoryFilter.ts,medium,18,Filter logic has redundant conditional checks - the final 'return true' on line 24 is unreachable and makes the filter logic confusing
/home/michael/claude/rpg-public/apps/web/src/hooks/useInventoryFilter.ts,medium,31,Hardcoded rarity order mapping is duplicated logic that should be extracted to avoid maintenance issues if rarity values change
/home/michael/claude/rpg-public/apps/web/src/hooks/useInventoryFilter.ts,low,28,"Sort function has unreachable code after return statement on line 36, making the sort logic less clear"
/home/michael/claude/rpg-public/apps/web/src/hooks/useInventoryFilter.ts,low,32,The fallback value of -1 for unknown rarities in rarityOrder lookup could be made more explicit with a constant
/home/michael/claude/rpg-public/apps/web/src/hooks/useBreakpoint.ts,medium,16,"useState initialization calls window.matchMedia directly, which can cause SSR mismatches in React Server Components as window is not available during server rendering"
/home/michael/claude/rpg-public/apps/web/src/hooks/useBreakpoint.ts,medium,21,"Media query listener setup does not handle potential errors from addEventListener, which could cause issues if the event listener registration fails"
/home/michael/claude/rpg-public/apps/web/src/hooks/useBreakpoint.ts,low,15,"Hardcoded media query string uses MOBILE_BREAKPOINT constant directly, which could be made more maintainable by extracting the entire media query as a constant"
/home/michael/claude/rpg-public/apps/web/src/hooks/useBreakpoint.ts,low,26,"Dependency array includes mediaQueryStr which is a string literal, making it always fresh and potentially causing unnecessary re-subscriptions to the media query change event"
/home/michael/claude/rpg-public/apps/web/src/hooks/useConsumableAnimationState.ts,medium,34,"Using a single shared ref for ID generation across all animations creates a potential race condition in a multi-consumable animation scenario, though unlikely in current usage"
/home/michael/claude/rpg-public/apps/web/src/hooks/useConsumableAnimationState.ts,medium,43,Using setTimeout for animation cleanup instead of a single interval timer may cause resource leaks or inconsistent cleanup timing in high-frequency animation scenarios
/home/michael/claude/rpg-public/apps/web/src/hooks/useConsumableAnimationState.ts,medium,58,"Using requestAnimationFrame for progress updates may cause unnecessary re-renders or performance issues if the animation list is large, as each animation's progress update triggers a state change"
/home/michael/claude/rpg-public/apps/web/src/hooks/useConsumableAnimationState.ts,high,44,"Potential memory leak: if animations are removed from the DOM before their timeout completes, the cleanup timer may still try to remove them, but they're already gone from the state array"
/home/michael/claude/rpg-public/apps/web/src/hooks/useConsumableAnimationState.ts,medium,64,"Using Math.min(elapsed / anim.durationMs, 1) can cause progress to stall at 1.0 if the animation duration is very short or if there's a slight delay in the animation loop, leading to incomplete animations"
/home/michael/claude/rpg-public/apps/web/src/hooks/useCombatIndicators.ts,medium,19,"Loop checks for previous indicators using deep comparison on every render, which is inefficient and could cause performance issues with large indicator arrays"
/home/michael/claude/rpg-public/apps/web/src/hooks/useCombatIndicators.ts,medium,20,Uses 'some' with object property comparisons instead of a more efficient lookup structure like Set or Map for tracking emitted indicators
/home/michael/claude/rpg-public/apps/web/src/hooks/useCombatIndicators.ts,medium,29,Overwrites the entire previousRef.current array reference on every render instead of using a more efficient immutable update pattern
/home/michael/claude/rpg-public/apps/web/src/hooks/useCombatIndicators.ts,low,21,The comparison logic on line 21 assumes all CombatIndicatorEntry properties are comparable with '===' which may not be safe for all types like objects or arrays
/home/michael/claude/rpg-public/apps/web/src/hooks/useCombatIndicators.ts,low,25,"Directly calls emitCombatIndicator without any validation or error handling, potentially leading to unhandled exceptions if the function fails"
/home/michael/claude/rpg-public/apps/web/src/components/CharacterScreen.tsx,medium,105,The weapon requirement check is overly simplified and will always pass because equippedWeaponType is hardcoded to 'equipped' instead of checking the actual weapon type from the item
/home/michael/claude/rpg-public/apps/web/src/components/CharacterScreen.tsx,medium,200,The ability cooldown display logic is inconsistent - it shows cooldown turns when not ready but doesn't show the actual cooldown duration when ready
/home/michael/claude/rpg-public/apps/web/src/components/CharacterScreen.tsx,medium,342,The gold display uses a hardcoded color (#cc8) that doesn't adapt to theme or contrast requirements
/home/michael/claude/rpg-public/apps/web/src/components/CharacterScreen.tsx,medium,376,The button styling for quests uses a hardcoded color (#6af) that could be made more consistent with other UI elements
/home/michael/claude/rpg-public/apps/web/src/components/CharacterScreen.tsx,medium,417,The enchantments disabled button uses a hardcoded color (#444) instead of a theme variable for disabled states
/home/michael/claude/rpg-public/apps/web/src/components/dropdowns/InspectDropdown.tsx,medium,50,Inline style mutation using e.currentTarget.style which can cause performance issues and is harder to maintain than CSS classes
/home/michael/claude/rpg-public/apps/web/src/components/dropdowns/InspectDropdown.tsx,medium,52,Inline style mutation using e.currentTarget.style which can cause performance issues and is harder to maintain than CSS classes
/home/michael/claude/rpg-public/apps/web/src/components/dropdowns/InspectDropdown.tsx,low,30,"Uses a generic className instead of a more specific one, which could lead to style conflicts in larger applications"
/home/michael/claude/rpg-public/apps/web/src/components/dropdowns/InspectDropdown.tsx,low,56,Hardcoded minWidth value of '20px' that could be made configurable or extracted to a constant
/home/michael/claude/rpg-public/apps/web/src/components/dropdowns/InspectDropdown.tsx,low,35,"Inline styles are used for the button, which could be extracted to CSS classes for better maintainability"
/home/michael/claude/rpg-public/apps/web/src/components/dropdowns/UseDropdown.tsx,medium,35,"The 'isAvailable' variable is computed inside the map function but only used in the onClick handler, which could lead to stale closure issues if the quantity changes after the component re-renders but before the click event is processed."
/home/michael/claude/rpg-public/apps/web/src/components/dropdowns/UseDropdown.tsx,medium,33,The className concatenation uses template literals which could be simplified to use a more readable approach like a utility function or a conditional class name library.
/home/michael/claude/rpg-public/apps/web/src/components/dropdowns/UseDropdown.tsx,low,40,"The rarityColor is directly used in the style attribute, which could be made more maintainable by using CSS classes instead of inline styles."
/home/michael/claude/rpg-public/apps/web/src/components/dropdowns/UseDropdown.tsx,low,27,"The map function creates a new component for each item, which could be optimized if the list of consumables is very large, though this is likely not a performance concern for typical use cases."
/home/michael/claude/rpg-public/apps/web/src/components/dropdowns/UseDropdown.tsx,low,17,The empty state check could be moved outside the render function to avoid unnecessary conditional rendering logic in the main render path.
/home/michael/claude/rpg-public/apps/web/src/components/dropdowns/StairsDropdown.tsx,medium,42,Inline style object with hardcoded colors '#0ff' and '#ff8844' should be moved to CSS modules for better maintainability
/home/michael/claude/rpg-public/apps/web/src/components/dropdowns/StairsDropdown.tsx,medium,56,Inline style object with hardcoded colors '#0ff' and '#ff8844' should be moved to CSS modules for better maintainability
/home/michael/claude/rpg-public/apps/web/src/components/dropdowns/StairsDropdown.tsx,medium,26,Duplicated inline style objects between Ascend and Retreat buttons should be extracted into a shared constant or component
/home/michael/claude/rpg-public/apps/web/src/components/dropdowns/StairsDropdown.tsx,medium,54,Duplicated inline style objects between Ascend and Retreat buttons should be extracted into a shared constant or component
/home/michael/claude/rpg-public/apps/web/src/components/dropdowns/StairsDropdown.tsx,low,49,Missing alt text for ItemSpriteIcon component - could impact accessibility
/home/michael/claude/rpg-public/apps/web/src/components/dropdowns/AbilityDropdown.tsx,medium,109,Set is mutated after creation in validTrapPlacementDirections calculation
/home/michael/claude/rpg-public/apps/web/src/components/dropdowns/AbilityDropdown.tsx,medium,130,Direct array index access without null check in dagger_disarm handling
/home/michael/claude/rpg-public/apps/web/src/components/dropdowns/AbilityDropdown.tsx,medium,149,Direct array index access without null check in target selection
/home/michael/claude/rpg-public/apps/web/src/components/dropdowns/AbilityDropdown.tsx,medium,263,Direct null check on trapEntityId without validation
/home/michael/claude/rpg-public/apps/web/src/components/dropdowns/AbilityDropdown.tsx,medium,325,Inconsistent disabled state handling for direction buttons in trap placement
/home/michael/claude/rpg-public/apps/web/src/components/dropdowns/SwapDropdown.tsx,medium,29,"The sorting logic in line 29-32 uses string comparison for weapon IDs, which may not work correctly if IDs are numeric or have a specific format that requires proper sorting. This could lead to incorrect ordering of weapons in the dropdown list."
/home/michael/claude/rpg-public/apps/web/src/components/dropdowns/SwapDropdown.tsx,medium,37,"The check for 'isEquipped' on line 37 uses a string equality comparison, which is fine, but the code doesn't handle the case where 'equippedWeaponId' might be null or undefined in a type-safe way, potentially leading to unexpected behavior if the prop is not properly validated."
/home/michael/claude/rpg-public/apps/web/src/components/dropdowns/SwapDropdown.tsx,low,30,The sorting logic in line 30 has a redundant check since 'a.id === equippedWeaponId' was already checked in line 29. This creates a small inefficiency in the sorting function.
/home/michael/claude/rpg-public/apps/web/src/components/dropdowns/SwapDropdown.tsx,low,43,"The 'disabled' attribute on line 43 is set based on 'isEquipped', but the visual styling for disabled buttons might not be consistent with the rest of the UI, potentially confusing users about the button's state."
/home/michael/claude/rpg-public/apps/web/src/components/dropdowns/SwapDropdown.tsx,low,44,"The button is disabled when equipped, but there's no visual indication in the UI that explains why the button is disabled, which could be confusing for users."
/home/michael/claude/rpg-public/apps/web/src/components/dropdowns/AttackDropdown.tsx,medium,35,"Filter condition uses 'distance >= (minRange || 0)' which evaluates to 'distance >= 0' when minRange is 0, potentially including enemies at distance 0 when minRange should be exclusive"
/home/michael/claude/rpg-public/apps/web/src/components/dropdowns/AttackDropdown.tsx,medium,40,"Filter condition uses 'distance < (minRange || 0)' which evaluates to 'distance < 0' when minRange is 0, which is never true and will always return 0 for tooCloseCount"
/home/michael/claude/rpg-public/apps/web/src/components/dropdowns/AttackDropdown.tsx,medium,52,Hardcoded string 'tile'/'tiles' should be extracted to a constant or utility function for reuse
/home/michael/claude/rpg-public/apps/web/src/components/dropdowns/AttackDropdown.tsx,medium,101,Hardcoded string 'tile'/'tiles' should be extracted to a constant or utility function for reuse
/home/michael/claude/rpg-public/apps/web/src/components/dropdowns/AttackDropdown.tsx,low,33,Repeated calculation of distance in filter and map functions - could be optimized by calculating once per enemy
/home/michael/claude/rpg-public/apps/web/src/components/combat-log-filter.ts,medium,10,"String literal '[DEBUG]' is hardcoded, making it difficult to maintain and modify. Should be extracted to a constant for better readability and maintainability."
/home/michael/claude/rpg-public/apps/web/src/components/combat-log-filter.ts,low,10,The filter logic assumes that debug entries always start with '[DEBUG]' prefix. This could be fragile if the format changes or if other prefixes are used. A more robust approach might use a regex or a dedicated property.
/home/michael/claude/rpg-public/apps/web/src/components/combat-log-filter.ts,medium,10,The function only filters out debug entries but doesn't handle other potential filtering requirements that might be added in the future. The function signature and implementation don't leave room for extension.
/home/michael/claude/rpg-public/apps/web/src/components/combat-log-filter.ts,high,10,"The filter logic could be inverted to improve readability. The current implementation uses a negation (debugMode || !e.text.startsWith('[DEBUG]')) which is harder to read and understand compared to a direct boolean check (e.g., if (!debugMode && e.text.startsWith('[DEBUG]')) return false)."
/home/michael/claude/rpg-public/apps/web/src/components/combat-log-filter.ts,low,10,"The function is named 'filterCombatLogForDisplay' but the filtering logic doesn't actually filter based on display type, but rather on debug mode. The naming is misleading and could confuse other developers."
/home/michael/claude/rpg-public/apps/web/src/components/TrapPlacementModal.tsx,medium,64,"Default value 'new Set(allDirections)' creates new set on every render, causing unnecessary re-renders and potential equality issues"
/home/michael/claude/rpg-public/apps/web/src/components/TrapPlacementModal.tsx,medium,66,"The isValid function is recreated on every render, even though it's a simple lookup that could be memoized"
/home/michael/claude/rpg-public/apps/web/src/components/TrapPlacementModal.tsx,low,12,"allDirections is defined outside component, but not memoized - could be moved inside to avoid potential reactivity issues"
/home/michael/claude/rpg-public/apps/web/src/components/TrapPlacementModal.tsx,low,13,directionLabels object is defined outside component and could be moved into a const to avoid re-creation on every render
/home/michael/claude/rpg-public/apps/web/src/components/TrapPlacementModal.tsx,medium,88,Grid styling uses fixed pixel values (60px) which may not scale well across different screen sizes or themes
/home/michael/claude/rpg-public/apps/web/src/components/EnchantmentLibrary.tsx,medium,68,"Using spread operator to create new array when updating enchantmentMap values can cause performance issues with large item lists, as it creates a new array on every iteration instead of mutating existing array"
/home/michael/claude/rpg-public/apps/web/src/components/EnchantmentLibrary.tsx,medium,89,"Hardcoded color values (#1a2a1a, #1a4a1a, etc.) should be extracted to CSS variables or theme constants for better maintainability and consistency"
/home/michael/claude/rpg-public/apps/web/src/components/EnchantmentLibrary.tsx,medium,107,"Conditional rendering of EnchantmentDetailModal only checks if selectedEnchantment exists but doesn't verify that the enchantmentId is still valid, potentially causing runtime errors if the enchantment was removed"
/home/michael/claude/rpg-public/apps/web/src/components/EnchantmentLibrary.tsx,low,67,"Using ?? operator for default value in enchantmentMap.get() call is redundant since the value is always initialized as an empty array in the loop above, making the check unnecessary"
/home/michael/claude/rpg-public/apps/web/src/components/InspectModal.tsx,medium,25,"State initialization uses entities[0]?.id without checking if entities is empty, which could lead to selecting an ID from an empty array if entities is unexpectedly non-empty but has no valid items"
/home/michael/claude/rpg-public/apps/web/src/components/InspectModal.tsx,medium,26,"selectedEntity lookup relies on selectedId which might be stale if entities array changes, leading to potential display of incorrect entity data"
/home/michael/claude/rpg-public/apps/web/src/components/InspectModal.tsx,medium,97,"The details panel is rendered unconditionally even when selectedEntity is null, which could cause errors if the selected entity is not found in the entities array"
/home/michael/claude/rpg-public/apps/web/src/components/InspectModal.tsx,low,194,Hardcoded CSS class names like 'resistance' and 'vulnerability' that could be made more maintainable through a mapping or configuration
/home/michael/claude/rpg-public/apps/web/src/components/InspectScreen.tsx,medium,86,"State initialization uses entities[0]?.id which can be null, leading to potential selection issues when entities array is empty or first entity has no ID"
/home/michael/claude/rpg-public/apps/web/src/components/InspectScreen.tsx,medium,240,"onClick handler directly uses entity.id without validation, which could cause issues if entity.id is undefined or null"
/home/michael/claude/rpg-public/apps/web/src/components/InspectScreen.tsx,medium,250,"SpriteDisplay component is rendered twice with different sizes, but the large one doesn't use the selectedEntity prop correctly since it's hardcoded to the selected entity instead of passed in"
/home/michael/claude/rpg-public/apps/web/src/components/InspectScreen.tsx,high,294,"Color logic for isFasterThanPlayer status is inverted - it uses #ff6644 for faster and #44ff44 for slower, which is counterintuitive"
/home/michael/claude/rpg-public/apps/web/src/components/InspectScreen.tsx,low,340,"Hardcoded width and height values (40px) in ASCII box styling, could be made more flexible"
/home/michael/claude/rpg-public/apps/web/src/components/InventoryScreen.tsx,medium,136,Unsafe type assertion 'as any' when setting filter value
/home/michael/claude/rpg-public/apps/web/src/components/InventoryScreen.tsx,medium,152,Unsafe type assertion 'as any' when setting sort value
/home/michael/claude/rpg-public/apps/web/src/components/InventoryScreen.tsx,medium,227,Direct access to item.stackEntityIds without null check before using
/home/michael/claude/rpg-public/apps/web/src/components/InventoryScreen.tsx,high,216,"getItemStats function returns empty string for armor stats when defense is 0, potentially hiding important information"
/home/michael/claude/rpg-public/apps/web/src/components/InventoryScreen.tsx,medium,60,Potential performance issue with repeated Set creation on every render for equippedIds
/home/michael/claude/rpg-public/apps/web/src/components/ProgressNoticeModal.tsx,medium,25,"Missing explicit type annotation for 'notice' prop in function signature, could lead to type inference issues"
/home/michael/claude/rpg-public/apps/web/src/components/ProgressNoticeModal.tsx,medium,30,"Conditional rendering of sprite icon with null check but no explicit type guard, could be more robust"
/home/michael/claude/rpg-public/apps/web/src/components/ProgressNoticeModal.tsx,low,32,"Hardcoded size value '32' for ItemSpriteIcon, should be extracted as a constant"
/home/michael/claude/rpg-public/apps/web/src/components/ProgressNoticeModal.tsx,low,31,"Hardcoded '48' values for width and height, should be extracted as constants"
/home/michael/claude/rpg-public/apps/web/src/components/ProgressNoticeModal.tsx,low,29,"Hardcoded gap value '12' for flex layout, should be extracted as a constant"
/home/michael/claude/rpg-public/apps/web/src/components/PlayerHud.tsx,medium,124,"Potential division by zero when player.maxHealth is 0, which would result in NaN for hpPct and break the hp bar display"
/home/michael/claude/rpg-public/apps/web/src/components/PlayerHud.tsx,medium,126,"Same issue with potential division by zero when player.experienceForNextLevel is 0, leading to NaN for xpPct"
/home/michael/claude/rpg-public/apps/web/src/components/PlayerHud.tsx,low,130,The logic for determining useDenseCompactBars could be simplified by combining the conditions into a single expression
/home/michael/claude/rpg-public/apps/web/src/components/PlayerHud.tsx,low,133,"The useEffect for injectHpPulse only runs once, but if the component re-renders with different player data, the animation might not be properly applied"
/home/michael/claude/rpg-public/apps/web/src/components/PlayerHud.tsx,medium,188,"In compact mode, the HP bar's valueLabel is conditionally formatted differently based on useDenseCompactBars, but the XP bar's valueLabel always uses the same format regardless of layout"
/home/michael/claude/rpg-public/apps/web/src/components/ActionButton.tsx,medium,35,"The nullish coalescing operator (??) on line 35 may not work as expected when renderedIcon is explicitly set to null or undefined, since it only checks for null/undefined, not falsy values like 0 or false"
/home/michael/claude/rpg-public/apps/web/src/components/ActionButton.tsx,medium,33,"The ItemSpriteIcon component is rendered with a fixed size of 16, which may not be appropriate for all use cases and could lead to inconsistent UI if the icon needs to scale with the button"
/home/michael/claude/rpg-public/apps/web/src/components/ActionButton.tsx,medium,30,The logic for determining renderedIcon on lines 30-35 has a complex conditional flow that could be simplified for better readability and maintainability
/home/michael/claude/rpg-public/apps/web/src/components/ActionButton.tsx,low,28,"The ACTION_ICONS[type] lookup on line 28 doesn't validate that the type exists, which could lead to undefined behavior if an invalid type is passed"
/home/michael/claude/rpg-public/apps/web/src/components/ActionButton.tsx,low,42,"The tooltip text from icon.tooltip is used directly in the title attribute without any sanitization, which could potentially lead to XSS if the tooltip contains malicious content"
/home/michael/claude/rpg-public/apps/web/src/components/StartScreen.tsx,medium,48,"The button passes playerName as a separate argument to onCreateGame, but playerName is already available in the component's scope, making the explicit parameter redundant and potentially confusing for future maintenance"
/home/michael/claude/rpg-public/apps/web/src/components/StartScreen.tsx,medium,47,"The button's onClick handler uses an arrow function that creates a new function on every render, which could lead to unnecessary re-renders of child components that depend on the function reference"
/home/michael/claude/rpg-public/apps/web/src/components/StartScreen.tsx,low,23,"The h1 element uses a hardcoded fontSize value of 24, which should be defined as a constant for better maintainability and consistency with other styling constants"
/home/michael/claude/rpg-public/apps/web/src/components/StartScreen.tsx,low,24,"The paragraph element uses a hardcoded fontSize value of 12, which should be defined as a constant for better maintainability and consistency with other styling constants"
/home/michael/claude/rpg-public/apps/web/src/components/StartScreen.tsx,low,42,"The input element uses a hardcoded fontSize value of 12, which should be defined as a constant for better maintainability and consistency with other styling constants"
/home/michael/claude/rpg-public/apps/web/src/components/ClickableStatGrid.tsx,medium,56,"Property 'statBreakdowns' is accessed without checking if it exists, which could cause a runtime error if player.statBreakdowns is undefined or null."
/home/michael/claude/rpg-public/apps/web/src/components/ClickableStatGrid.tsx,medium,46,"The accuracy calculation uses hardcoded values (15, 65, 95) that should be extracted to constants for better maintainability."
/home/michael/claude/rpg-public/apps/web/src/components/ClickableStatGrid.tsx,medium,43,The defense mitigation calculation uses a hardcoded divisor (35) that should be extracted to a constant.
/home/michael/claude/rpg-public/apps/web/src/components/ClickableStatGrid.tsx,medium,11,The STAT_COLORS object uses hardcoded color values that should be extracted to a constants file for better maintainability.
/home/michael/claude/rpg-public/apps/web/src/components/ClickableStatGrid.tsx,medium,57,"The accentColor function uses a fallback to colors.text, but there's no type safety for the key parameter, which could lead to runtime errors."
/home/michael/claude/rpg-public/apps/web/src/components/RunSummaryPanel.tsx,medium,15,"Conditional styling for prosperityDelta uses hardcoded color values '#4f4' and '#f44' instead of theme variables, making it difficult to maintain consistent styling across the application"
/home/michael/claude/rpg-public/apps/web/src/components/RunSummaryPanel.tsx,medium,16,"Conditional styling for fearDelta uses hardcoded color values '#f44' and '#4f4' instead of theme variables, making it difficult to maintain consistent styling across the application"
/home/michael/claude/rpg-public/apps/web/src/components/RunSummaryPanel.tsx,medium,17,"Conditional styling for corruptionDelta uses hardcoded color values '#f44' and '#4f4' instead of theme variables, making it difficult to maintain consistent styling across the application"
/home/michael/claude/rpg-public/apps/web/src/components/RunSummaryPanel.tsx,low,13,The goldEarned value is wrapped in a span with hardcoded color '#cc8' which could be extracted to a theme or style constant for better maintainability
/home/michael/claude/rpg-public/apps/web/src/components/RunSummaryPanel.tsx,low,10,The component uses inline styles which could be replaced with CSS classes for better maintainability and separation of concerns
/home/michael/claude/rpg-public/apps/web/src/components/FactionDetailModal.tsx,medium,46,"Potential undefined access when factions array is empty, could cause runtime error"
/home/michael/claude/rpg-public/apps/web/src/components/FactionDetailModal.tsx,medium,82,Inconsistent capitalization in status display - uses titleCase but powerBand doesn't
/home/michael/claude/rpg-public/apps/web/src/components/FactionDetailModal.tsx,low,152,Hardcoded bullet point character '•' instead of using a reusable constant
/home/michael/claude/rpg-public/apps/web/src/components/FactionDetailModal.tsx,low,122,"Hardcoded font sizes (10, 11, 14) instead of using a shared style system"
/home/michael/claude/rpg-public/apps/web/src/components/FactionDetailModal.tsx,low,163,Magic string 'Select a faction to view details.' could be extracted to a constant
/home/michael/claude/rpg-public/apps/web/src/components/QuestDetailModal.tsx,medium,14,"State initialization may select an invalid quest ID if the first quest in the array is not valid, potentially causing a runtime error when accessing properties on a null quest object."
/home/michael/claude/rpg-public/apps/web/src/components/QuestDetailModal.tsx,medium,16,"The selectedQuest lookup uses a potentially unsafe equality check (selectedQuestId === q.id) that could fail if IDs are not strictly equal, leading to a null selectedQuest even when a matching quest exists."
/home/michael/claude/rpg-public/apps/web/src/components/QuestDetailModal.tsx,medium,21,The command sent to sendCommand has hardcoded string literals for action types that could be made into constants to improve maintainability and reduce errors.
/home/michael/claude/rpg-public/apps/web/src/components/QuestDetailModal.tsx,medium,131,The conditional rendering of the Turn In Quest button relies on a specific status string 'ready_to_turn_in' which could be made more robust by using a dedicated helper function or enum for status checks.
/home/michael/claude/rpg-public/apps/web/src/components/QuestDetailModal.tsx,low,132,"The Turn In Quest button uses a hardcoded color (#000) for text color instead of a defined color constant, making it harder to maintain consistent theming."
/home/michael/claude/rpg-public/apps/web/src/components/MasteryDetailModal.tsx,medium,71,"Uses hardcoded array access MASTERY_THRESHOLDS[1] instead of a dynamic lookup that would work for any tier, creating brittle code that breaks if threshold structure changes"
/home/michael/claude/rpg-public/apps/web/src/components/MasteryDetailModal.tsx,medium,85,"Uses hardcoded array access MASTERY_THRESHOLDS[2] instead of a dynamic lookup that would work for any tier, creating brittle code that breaks if threshold structure changes"
/home/michael/claude/rpg-public/apps/web/src/components/MasteryDetailModal.tsx,medium,86,"Uses hardcoded array access MASTERY_THRESHOLDS[1] instead of a dynamic lookup that would work for any tier, creating brittle code that breaks if threshold structure changes"
/home/michael/claude/rpg-public/apps/web/src/components/MasteryDetailModal.tsx,low,61,Mixes raw progress value with tier in display text; should use a consistent display format for progress across all tiers
/home/michael/claude/rpg-public/apps/web/src/components/MasteryDetailModal.tsx,medium,94,"Uses >= 2 comparison for maximum tier check instead of checking against actual maximum tier, which could break if more tiers are added"
/home/michael/claude/rpg-public/apps/web/src/components/DPad.tsx,medium,33,"Button for 'N' direction uses hardcoded string 'N' instead of a variable, creating a maintenance risk if the direction constant changes"
/home/michael/claude/rpg-public/apps/web/src/components/DPad.tsx,medium,37,"Button for 'W' direction uses hardcoded string 'W' instead of a variable, creating a maintenance risk if the direction constant changes"
/home/michael/claude/rpg-public/apps/web/src/components/DPad.tsx,medium,41,"Button for 'E' direction uses hardcoded string 'E' instead of a variable, creating a maintenance risk if the direction constant changes"
/home/michael/claude/rpg-public/apps/web/src/components/DPad.tsx,medium,45,"Button for 'S' direction uses hardcoded string 'S' instead of a variable, creating a maintenance risk if the direction constant changes"
/home/michael/claude/rpg-public/apps/web/src/components/DPad.tsx,low,30,Hardcoded grid template column values instead of using DPAD_BTN_SIZE variable for consistency
/home/michael/claude/rpg-public/apps/web/src/components/QuestAssignedScreen.tsx,medium,28,"Conditional text rendering uses undefined check but doesn't handle the case where giverNpc.name might be undefined, potentially causing a runtime error when rendering"
/home/michael/claude/rpg-public/apps/web/src/components/QuestAssignedScreen.tsx,low,25,Hardcoded font size value '28' used for title header instead of a reusable constant or theme value
/home/michael/claude/rpg-public/apps/web/src/components/QuestAssignedScreen.tsx,low,51,Hardcoded font size value '13' used for reward text instead of a reusable constant or theme value
/home/michael/claude/rpg-public/apps/web/src/components/QuestAssignedScreen.tsx,low,52,Hardcoded 'g' suffix for gold reward instead of a reusable constant or localization
/home/michael/claude/rpg-public/apps/web/src/components/QuestAssignedScreen.tsx,low,59,Hardcoded minWidth value '200' for button instead of a reusable constant or theme value
/home/michael/claude/rpg-public/apps/web/src/components/EntitySpriteDisplay.tsx,medium,64,"The sprite loading error handling is silent and may mask important issues, making debugging difficult"
/home/michael/claude/rpg-public/apps/web/src/components/EntitySpriteDisplay.tsx,medium,76,"The sprite rendering logic doesn't handle cases where spriteRegistry.getSprite might return undefined, potentially causing runtime errors"
/home/michael/claude/rpg-public/apps/web/src/components/EntitySpriteDisplay.tsx,medium,83,"The ASCII fallback uses entity.color directly without validation, which could cause rendering issues if the color is invalid"
/home/michael/claude/rpg-public/apps/web/src/components/EntitySpriteDisplay.tsx,low,30,The entity type detection logic uses a series of if statements that could be simplified with a lookup table or switch statement
/home/michael/claude/rpg-public/apps/web/src/components/EntitySpriteDisplay.tsx,low,16,The SIZE_MAP constant is hardcoded and could be made more flexible for future size variations
/home/michael/claude/rpg-public/apps/web/src/components/UnifiedActionPanel.tsx,medium,177,Redundant null check using 'view.map!' instead of 'view.map' when 'view.map' is already confirmed non-null in line 62
/home/michael/claude/rpg-public/apps/web/src/components/UnifiedActionPanel.tsx,medium,186,Redundant null check using 'view.map!' instead of 'view.map' when 'view.map' is already confirmed non-null in line 62
/home/michael/claude/rpg-public/apps/web/src/components/UnifiedActionPanel.tsx,high,263,"Missing conditional rendering for 'STAIRS' button when on stairs, causing button to always render regardless of map state"
/home/michael/claude/rpg-public/apps/web/src/components/UnifiedActionPanel.tsx,medium,130,Unsafe type assertion 'selection as { abilityId: string; ... }' that could fail if selection is not the expected type
/home/michael/claude/rpg-public/apps/web/src/components/UnifiedActionPanel.tsx,medium,152,Unsafe type assertion 'selection as string' that could fail if selection is not a string
/home/michael/claude/rpg-public/apps/web/src/components/EnchanterPanel.tsx,medium,77,"Filtering enchantments to count filled slots uses 'null' check, but the type suggests they should be 'string | null' - this could lead to runtime errors if the data structure changes or if there are non-null falsy values"
/home/michael/claude/rpg-public/apps/web/src/components/EnchanterPanel.tsx,medium,105,"The check 'appliedEnchantments.includes(enchId)' on line 105 may fail if enchantment IDs are not strictly equal strings, due to potential type mismatches or unexpected data formats in the enchantment system"
/home/michael/claude/rpg-public/apps/web/src/components/EnchanterPanel.tsx,medium,115,"The onClick handler directly calls sendCommand without validating if the command is valid or if the slot/enchantmentId are valid, which could cause runtime errors if the data structures are malformed"
/home/michael/claude/rpg-public/apps/web/src/components/EnchanterPanel.tsx,low,78,"The calculation 'armorStats.enchantmentSlots - filledCount' could be simplified to 'freeSlots' on line 78, but this is just a minor code clarity issue"
/home/michael/claude/rpg-public/apps/web/src/components/EnchanterPanel.tsx,low,119,The button title attribute on line 119 contains redundant information that could be simplified to just the cost display since the button text already shows the enchantment name and cost
/home/michael/claude/rpg-public/apps/web/src/components/InventoryPanel.tsx,medium,105,"The 'actionItemId' is derived from either 'item.stackEntityIds[0]' or 'item.id', but there's no validation that 'item.stackEntityIds' is an array or that it has at least one element, potentially causing runtime errors if 'stackEntityIds' is null, undefined, or an empty array"
/home/michael/claude/rpg-public/apps/web/src/components/InventoryPanel.tsx,medium,142,"The conditional logic for displaying the sell button (lines 142-152) comes after the equip/use button logic, which means that in 'town' phase, items that are weapons/armor might be incorrectly rendered with a sell button instead of their proper equip/use action"
/home/michael/claude/rpg-public/apps/web/src/components/InventoryPanel.tsx,medium,108,"The itemClass check (line 108) for 'weapon' or 'armor' doesn't account for other possible item classes that might need equip/unequip behavior, making the logic incomplete for future item types"
/home/michael/claude/rpg-public/apps/web/src/components/InventoryPanel.tsx,medium,130,"The condition for consumable items (line 130) only checks for 'itemClass === consumable' and 'isEquipped' but doesn't consider that consumables might also be equipped in some contexts, leading to potential incorrect UI behavior"
/home/michael/claude/rpg-public/apps/web/src/components/InventoryPanel.tsx,high,176,"The color assignment for equipped items uses a ternary with 'colors.lime' for 'isEquipped' being truthy, but 'isEquipped' is set to 'false' by default on line 103, potentially causing incorrect color display if the item's equipped status isn't properly set or updated in the data"
/home/michael/claude/rpg-public/apps/web/src/components/ItemInspectModal.tsx,medium,27,Type assertion on 'item' variable at line 27 may mask runtime type errors
/home/michael/claude/rpg-public/apps/web/src/components/ItemInspectModal.tsx,medium,30,Duplicated type checking logic for 'isInventoryItem' on lines 27 and 30
/home/michael/claude/rpg-public/apps/web/src/components/ItemInspectModal.tsx,medium,154,Unsafe type assertion with 'as any' on line 154 for accessing consumable effect
/home/michael/claude/rpg-public/apps/web/src/components/ItemInspectModal.tsx,medium,186,Inconsistent styling approach for equipped item comparison display
/home/michael/claude/rpg-public/apps/web/src/components/ItemInspectModal.tsx,low,213,"Hardcoded string 'TOWN_ACTION' on line 213, should be a constant"
/home/michael/claude/rpg-public/apps/web/src/components/MobileNav.tsx,medium,21,"Window width check may cause hydration mismatch between server and client rendering, as window is undefined on server-side rendering"
/home/michael/claude/rpg-public/apps/web/src/components/MobileNav.tsx,medium,46,"Inconsistent active state logic: main tab considers openScreens.size === 0 while other tabs use openScreens.has(tab.id), potentially causing navigation inconsistencies"
/home/michael/claude/rpg-public/apps/web/src/components/MobileNav.tsx,low,24,"Hardcoded emoji values (🏘️, 🗺️) should be extracted to constants for better maintainability"
/home/michael/claude/rpg-public/apps/web/src/components/MobileNav.tsx,low,31,"Magic numbers 14, 18, 9, 11 used for icon and label sizes should be extracted to constants"
/home/michael/claude/rpg-public/apps/web/src/components/MobileNav.tsx,low,65,Hardcoded font sizes (iconSize) in inline styles should be moved to CSS classes
/home/michael/claude/rpg-public/apps/web/src/components/EquipmentOverview.tsx,medium,25,"The sort function on line 25 uses indexOf to determine slot order, which can be inefficient and may not work correctly if slotOrder doesn't contain all slots from player.equippedItems, potentially causing incorrect sorting or runtime errors"
/home/michael/claude/rpg-public/apps/web/src/components/EquipmentOverview.tsx,medium,44,The fallback to item.slot on line 44 when slotLabels[item.slot] is undefined may lead to inconsistent display of slot names if the slot names in player data don't exactly match the keys in slotLabels
/home/michael/claude/rpg-public/apps/web/src/components/EquipmentOverview.tsx,low,34,"The key in the map function on line 34 uses item.slot and item.itemId, but if there are multiple items with the same slot and itemId, this could cause React reconciliation issues"
/home/michael/claude/rpg-public/apps/web/src/components/EquipmentOverview.tsx,low,50,"The condition on line 50 checks for item.enchantments.length > 0 to determine if there's space for the name, but this is a fragile approach that may not always be reliable for layout management"
/home/michael/claude/rpg-public/apps/web/src/components/EquipmentOverview.tsx,low,68,"The title attribute on line 68 uses ench.description, but if enchantments lack descriptions, this could result in empty tooltips or undefined values being displayed"
/home/michael/claude/rpg-public/apps/web/src/components/CombatIndicators.tsx,medium,33,"Using Date.now() and Math.random() together for ID generation is problematic because it can create non-unique IDs in rapid succession, potentially causing rendering issues or duplicate label entries."
/home/michael/claude/rpg-public/apps/web/src/components/CombatIndicators.tsx,medium,63,"The stackIndex calculation filters all previous labels instead of just those at the same position, which could cause performance issues with many labels and incorrect stacking behavior when labels are not sorted by insertion order."
/home/michael/claude/rpg-public/apps/web/src/components/CombatIndicators.tsx,medium,40,"The cleanup timeout uses fadeOutDuration instead of a potentially dynamic duration from the label itself, which could cause premature removal of labels if fadeOutDuration changes after the label is created."
/home/michael/claude/rpg-public/apps/web/src/components/CombatIndicators.tsx,low,30,"The event handler uses a generic CustomEvent<Omit<FloatingLabel, 'id' | 'startTime'>> which could mask type errors if the actual event detail doesn't match the expected structure exactly."
/home/michael/claude/rpg-public/apps/web/src/components/CombatIndicators.tsx,low,70,The typeColors object is defined inline and could be extracted to a constant or moved to a shared config file for better maintainability.
/home/michael/claude/rpg-public/apps/web/src/components/CombatLogView.tsx,medium,22,"Scroll position is set unconditionally on every render when entries change, which may cause unwanted scrolling behavior and performance issues"
/home/michael/claude/rpg-public/apps/web/src/components/CombatLogView.tsx,medium,26,"The filterCombatLogForDisplay function is imported but not defined in this file, creating a potential runtime error if the import is broken"
/home/michael/claude/rpg-public/apps/web/src/components/CombatLogView.tsx,low,34,"The maxHeight style is set to 'none' as a string instead of undefined, which is less idiomatic and could cause confusion"
/home/michael/claude/rpg-public/apps/web/src/components/CombatLogView.tsx,low,40,"The flex property is conditionally set based on computedMaxHeight, but the undefined case could be clearer with explicit flex: 1"
/home/michael/claude/rpg-public/apps/web/src/components/CombatLogView.tsx,low,95,"The TAB_BAR_HEIGHT is used in a conditional but not imported in this file, which could cause confusion about its source"
/home/michael/claude/rpg-public/apps/web/src/components/TownPhase.tsx,medium,404,Missing null check for view.town before accessing view.town.shop in the shop panel render path
/home/michael/claude/rpg-public/apps/web/src/components/TownPhase.tsx,medium,408,Missing null check for view.town before accessing view.town in TavernPanel component
/home/michael/claude/rpg-public/apps/web/src/components/TownPhase.tsx,medium,417,Missing null check for view.town before accessing view.town properties in EnchanterPanel render path
/home/michael/claude/rpg-public/apps/web/src/components/TownPhase.tsx,medium,510,Potential undefined access to view.town in NpcCard component props
/home/michael/claude/rpg-public/apps/web/src/components/TownPhase.tsx,medium,512,Inconsistent null handling for view.town when setting shop panel state
/home/michael/claude/rpg-public/apps/web/src/components/ShopPanel.tsx,medium,135,Conditional logic for item filtering is duplicated and could be extracted into a reusable function
/home/michael/claude/rpg-public/apps/web/src/components/ShopPanel.tsx,medium,141,rarityOrder object could be moved outside the sort function to avoid recreating on every sort
/home/michael/claude/rpg-public/apps/web/src/components/ShopPanel.tsx,medium,343,Unsafe type assertion casting filter as BuyFilter and setFilter as (v: BuyFilter) => void
/home/michael/claude/rpg-public/apps/web/src/components/ShopPanel.tsx,medium,344,Unsafe type assertion casting sortBy as SortKey and setSortBy as (v: SortKey) => void
/home/michael/claude/rpg-public/apps/web/src/components/DeathNotificationModal.tsx,medium,16,"Division by zero risk in getPermadeathProximityMessage when threshold is 0, could crash the app"
/home/michael/claude/rpg-public/apps/web/src/components/DeathNotificationModal.tsx,medium,34,"Missing null check for deathContext.killerSpriteName before passing to ItemSpriteIcon, could cause runtime error"
/home/michael/claude/rpg-public/apps/web/src/components/DeathNotificationModal.tsx,medium,59,Potential XSS vulnerability in equipmentLost display - directly interpolating item names without sanitization
/home/michael/claude/rpg-public/apps/web/src/components/DeathNotificationModal.tsx,low,85,"Hardcoded style values (fontSize, padding, etc.) in InfoCard components - should be moved to style constants for consistency"
/home/michael/claude/rpg-public/apps/web/src/components/DeathNotificationModal.tsx,low,23,"Component lacks explicit type checking for deathContext prop, could lead to runtime type errors"
/home/michael/claude/rpg-public/apps/web/src/components/ItemSpriteIcon.tsx,medium,22,"Silent failure in sprite loading catch block may mask important errors, making debugging difficult"
/home/michael/claude/rpg-public/apps/web/src/components/ItemSpriteIcon.tsx,medium,31,"Potential null dereference if getContext returns null, though the code has a guard, the error handling is minimal"
/home/michael/claude/rpg-public/apps/web/src/components/ItemSpriteIcon.tsx,low,14,Hardcoded default size value (16) in function signature may limit flexibility if other sizes are needed
/home/michael/claude/rpg-public/apps/web/src/components/ItemSpriteIcon.tsx,low,38,"Direct access to spriteRegistry.getSpriteByAtlasName() without checking if spriteRegistry is initialized, potentially leading to undefined behavior"
/home/michael/claude/rpg-public/apps/web/src/components/ItemSpriteIcon.tsx,medium,41,"Canvas drawImage call uses hardcoded size values (size, size) which may not correctly scale sprites if sprite dimensions differ from canvas size"
/home/michael/claude/rpg-public/apps/web/src/components/DungeonCanvas.tsx,medium,20,"Ref is assigned but never validated for null in render effect, could cause runtime error if canvas is not mounted"
/home/michael/claude/rpg-public/apps/web/src/components/DungeonCanvas.tsx,medium,42,"vpRef.current is assigned twice in same tick, redundant assignment on line 42"
/home/michael/claude/rpg-public/apps/web/src/components/DungeonCanvas.tsx,medium,64,"ctx is forced unwrapped with !, should handle potential null case for robustness"
/home/michael/claude/rpg-public/apps/web/src/components/DungeonCanvas.tsx,medium,106,"Direct store access with useGameStore.getState() bypasses normal store subscription, potentially causes missed updates"
/home/michael/claude/rpg-public/apps/web/src/components/DungeonCanvas.tsx,low,28,"Comment indicates this logic might be misplaced, suggesting architectural concern for future refactoring"
/home/michael/claude/rpg-public/apps/web/src/components/ActionOverlay.tsx,medium,48,"Action 'STAIRS' is handled as a special case but the type system allows 'STAIRS' as a valid action type, creating potential inconsistency between the type definition and runtime handling"
/home/michael/claude/rpg-public/apps/web/src/components/ActionOverlay.tsx,medium,66,"The action title uses the raw action name as the title text, which may not be user-friendly for actions like 'STAIRS' that have a different display name in the icon mapping"
/home/michael/claude/rpg-public/apps/web/src/components/ActionOverlay.tsx,medium,50,"ACTION_ICONS lookup for 'STAIRS' action will fail since 'STAIRS' is not a key in ACTION_ICONS, but the code attempts to access it without checking first"
/home/michael/claude/rpg-public/apps/web/src/components/ActionOverlay.tsx,low,65,"The emoji is rendered directly from the actionIcon, but the code assumes that actionIcon.emoji will always exist, which could be a problem if the actionIcon is undefined for some reason"
/home/michael/claude/rpg-public/apps/web/src/components/ActionOverlay.tsx,low,13,"The action prop type includes 'STAIRS' as a valid value, but this is only used for special handling and not consistently treated as a valid action in the code logic"
/home/michael/claude/rpg-public/apps/web/src/components/GameOverPhase.tsx,medium,15,"The component uses view.runResult to determine victory/permadeath states, but doesn't validate that runResult is one of the expected values ('victory', 'permadeath', or undefined/null for regular death). This could lead to incorrect UI rendering if an unexpected runResult value is passed, potentially showing the wrong heading or button text."
/home/michael/claude/rpg-public/apps/web/src/components/GameOverPhase.tsx,high,15,"The component assumes that view.runResult will always be one of 'victory', 'permadeath', or undefined/null, but there's no explicit handling or validation for other possible values. This creates a logic error where an unexpected runResult value would show the 'You Died' heading (line 34) instead of the correct one, potentially confusing users about their game state."
/home/michael/claude/rpg-public/apps/web/src/components/StatDetailModal.tsx,medium,131,"Hardcoded defense divisor 35 used in damage mitigation calculation, which should be imported from balance tables to maintain consistency"
/home/michael/claude/rpg-public/apps/web/src/components/StatDetailModal.tsx,medium,130,Redundant calculation of damage mitigation percentage in two places (lines 131 and 134) that should be computed once and reused
/home/michael/claude/rpg-public/apps/web/src/components/StatDetailModal.tsx,low,105,"ItemSpriteIcon component is rendered unconditionally when bonus.spriteName exists, but the icon size is hardcoded to 16px"
/home/michael/claude/rpg-public/apps/web/src/components/StatDetailModal.tsx,medium,115,"Conditional rendering of attack damage range section only when player exists, but player is optional in props, creating potential runtime error"
/home/michael/claude/rpg-public/apps/web/src/components/StatDetailModal.tsx,medium,139,The borderTop style uses colors.border2 but it's not clear if this is the intended styling for the description section's border
/home/michael/claude/rpg-public/apps/web/src/components/DungeonView.tsx,medium,24,Math.min() called on empty array in line 24 could throw error if map.cells is empty
/home/michael/claude/rpg-public/apps/web/src/components/DungeonView.tsx,medium,25,Math.min() called on empty array in line 25 could throw error if map.cells is empty
/home/michael/claude/rpg-public/apps/web/src/components/DungeonView.tsx,high,39,useGameStore.getState() called inside useCallback may not have latest store state if store is updated between render and callback execution
/home/michael/claude/rpg-public/apps/web/src/components/DungeonView.tsx,medium,49,"String key construction '${x},${y}' used for map lookup may be inefficient for large maps"
/home/michael/claude/rpg-public/apps/web/src/components/DungeonView.tsx,low,53,Hardcoded space character ' ' used for empty cell representation
/home/michael/claude/rpg-public/apps/web/src/components/ui/PanelHeader.tsx,medium,20,"Missing explicit type annotation for 'title' prop in PanelHeaderProps interface, which could lead to type inference issues in strict mode"
/home/michael/claude/rpg-public/apps/web/src/components/ui/PanelHeader.tsx,medium,46,"Conditional rendering of close button vs meta has unclear precedence logic; if both onClose and meta are provided, onClose takes precedence but this isn't immediately obvious from the code structure"
/home/michael/claude/rpg-public/apps/web/src/components/ui/PanelHeader.tsx,low,20,Prop interface is overly verbose with comments that could be simplified or moved to documentation
/home/michael/claude/rpg-public/apps/web/src/components/ui/PanelHeader.tsx,low,33,Hardcoded values like '11px' for font sizes and '7px' for padding could be extracted to constants for better maintainability
/home/michael/claude/rpg-public/apps/web/src/components/ui/PanelHeader.tsx,medium,46,The ternary logic for rendering close button vs meta could be simplified to improve readability and reduce potential for errors
/home/michael/claude/rpg-public/apps/web/src/components/ui/ModalCard.tsx,medium,45,"The maxWidth style override uses a conditional object spread that could lead to unexpected behavior if maxWidth is set to 0, as 0 is falsy and the style would be omitted instead of applied"
/home/michael/claude/rpg-public/apps/web/src/components/ui/ModalCard.tsx,medium,46,"The maxHeight style override has the same issue as maxWidth - if maxHeight is set to 0, it will be treated as falsy and the style won't be applied"
/home/michael/claude/rpg-public/apps/web/src/components/ui/ModalCard.tsx,low,49,"The onClick handler stops propagation but doesn't prevent default, which might cause issues with form submissions or other click-based interactions within the modal"
/home/michael/claude/rpg-public/apps/web/src/components/ui/ModalCard.tsx,high,51,"The condition 'title !== undefined' means that if title is set to an empty string '', the header will not be rendered, which might be unexpected behavior as an empty string is a valid title value"
/home/michael/claude/rpg-public/apps/web/src/components/ui/ModalCard.tsx,medium,52,"The PanelHeader component is called with onClose and accentColor props, but there's no validation or default handling if these props are passed as undefined, which could lead to unexpected behavior in PanelHeader"
/home/michael/claude/rpg-public/apps/web/src/components/ui/SectionLabel.tsx,medium,27,"The marginTop prop is passed directly to the style object without validation, which could cause unexpected layout behavior if a negative value or invalid number is passed"
/home/michael/claude/rpg-public/apps/web/src/components/ui/DismissibleNoticeModal.tsx,medium,28,"Memoization uses notice and dismissedNoticeIds but doesn't account for changes in notice.message or notice.id, which could cause stale data display if the notice object reference doesn't change"
/home/michael/claude/rpg-public/apps/web/src/components/ui/DismissibleNoticeModal.tsx,medium,36,"The onClose handler in ModalBackdrop doesn't validate that notice exists before calling onDismiss, potentially leading to calling onDismiss with undefined notice.id"
/home/michael/claude/rpg-public/apps/web/src/components/ui/DismissibleNoticeModal.tsx,medium,39,"The onClose handler in ModalCard doesn't validate that notice exists before calling onDismiss, potentially leading to calling onDismiss with undefined notice.id"
/home/michael/claude/rpg-public/apps/web/src/components/ui/DismissibleNoticeModal.tsx,low,25,"Hardcoded accent color '#fa0' is not configurable through props or theme, limiting design flexibility"
/home/michael/claude/rpg-public/apps/web/src/components/ui/DismissibleNoticeModal.tsx,low,43,"Inline styles are used for the message div, which could be replaced with CSS classes for better maintainability"
/home/michael/claude/rpg-public/apps/web/src/components/ui/ModalBackdrop.tsx,medium,23,"The onClick handler directly calls onClose without checking if the click target was the backdrop itself, which could cause unintended behavior when children elements are clicked"
/home/michael/claude/rpg-public/apps/web/src/components/ui/ModalBackdrop.tsx,low,22,"The style object spread uses {...modalBackdropStyle, zIndex} which could be simplified to {modalBackdropStyle, zIndex} if modalBackdropStyle is an object with zIndex as a key, but this is probably intentional for deep merging"
/home/michael/claude/rpg-public/apps/web/src/components/ui/ModalBackdrop.tsx,medium,19,"The component assumes that children will handle event propagation properly, but this is not enforced and could lead to unexpected behavior if children don't call e.stopPropagation() as documented"
/home/michael/claude/rpg-public/apps/web/src/components/ui/ModalBackdrop.tsx,low,21,"The component doesn't use React.forwardRef to forward refs to the underlying div, which could be limiting for accessibility or testing purposes"
/home/michael/claude/rpg-public/apps/web/src/components/ui/ModalBackdrop.tsx,medium,19,"The component lacks explicit type checking for the z-index prop, which could lead to runtime errors if a non-numeric value is passed"
/home/michael/claude/rpg-public/apps/web/src/components/DebugPanel.tsx,medium,24,"The `gameId!` non-null assertion on line 24 could cause a runtime error if gameId becomes null/undefined after the component mounts, since the component only renders when gameId exists but doesn't prevent the gameId from becoming invalid during the async operation"
/home/michael/claude/rpg-public/apps/web/src/components/DebugPanel.tsx,medium,46,"The hardcoded weapon mastery values (15 and 40) on lines 46-49 are duplicated across multiple buttons, creating a maintenance burden if these values need to be changed in the future"
/home/michael/claude/rpg-public/apps/web/src/components/DebugPanel.tsx,medium,50,The hardcoded array of ability names on line 50 is duplicated from the actual game logic and creates a maintenance burden if the abilities change
/home/michael/claude/rpg-public/apps/web/src/components/EquipmentDoll.tsx,medium,22,"Missing check for item.armorStats.defense before using it in string concatenation, could cause 'undefined def' to appear in stats display"
/home/michael/claude/rpg-public/apps/web/src/components/EquipmentDoll.tsx,medium,15,"Damage range calculation assumes damageMin is defined when damageMax is defined, but the logic doesn't handle the case where damageMin is null and damageMax is not null"
/home/michael/claude/rpg-public/apps/web/src/components/EquipmentDoll.tsx,high,82,"onClick handler calls onSlotClick(item) even when item is null/undefined, which would cause a runtime error when the function tries to access properties of undefined"
/home/michael/claude/rpg-public/apps/web/src/components/EquipmentDoll.tsx,low,30,SLOT_LABELS is a const object that could be moved outside the component file to avoid recreation on every render
/home/michael/claude/rpg-public/apps/web/src/components/EquipmentDoll.tsx,low,41,SLOT_ORDER is defined as a const array that could be moved outside the component to avoid recreation on every render
/home/michael/claude/rpg-public/apps/web/src/components/DungeonPhase.tsx,medium,34,"Function dangerColor uses string matching for danger levels but doesn't validate input, could return unexpected colors for invalid danger level strings"
/home/michael/claude/rpg-public/apps/web/src/components/DungeonPhase.tsx,medium,200,Hardcoded calculation for mini log height doesn't account for potential dynamic font sizing or line height variations
/home/michael/claude/rpg-public/apps/web/src/components/DungeonPhase.tsx,medium,132,"In useMemo for vpLeft/vpTop calculation, missing dependency on vpTilesWidth and vpTilesHeight which could cause stale values"
/home/michael/claude/rpg-public/apps/web/src/components/DungeonPhase.tsx,medium,115,"Hardcoded minimum viewport tile sizes (15, 12) could be extracted to constants for better maintainability"
/home/michael/claude/rpg-public/apps/web/src/components/DungeonPhase.tsx,high,135,"Potential division by zero or incorrect min calculation when map.cells is empty, could cause incorrect vpLeft/vpTop values"
